Source,Target
PoloChau,severinhacker
PoloChau,albertocairo
PoloChau,FisherDanyel
PoloChau,LMNault
PoloChau,adarrow
PoloChau,JakeP
PoloChau,kimisperros
PoloChau,Prof_DavidBader
PoloChau,jonfroehlich
PoloChau,ibogost
PoloChau,khusape
PoloChau,TheNextCorner
PoloChau,zkancs
PoloChau,ddol
PoloChau,CptPositive
PoloChau,GTRI
PoloChau,kedwards
PoloChau,goodfellow_ian
PoloChau,dennybritz
PoloChau,austinbenson
severinhacker,switzerland099
severinhacker,hyrumwright
severinhacker,sieg
severinhacker,gabrielgambetta
severinhacker,RyanMunson21
severinhacker,kdub0
severinhacker,hmslydia
severinhacker,P4ndaGirl
severinhacker,StunnaDonDada
severinhacker,rickaroundhere
severinhacker,TimeSpaceOne
severinhacker,drob
severinhacker,triplejberger
severinhacker,daveclark
severinhacker,LexiBelc
severinhacker,ScottAdamsSays
severinhacker,cavanaughnate
severinhacker,christina_ooi
severinhacker,Steve_Ridout
severinhacker,tommmitchell
albertocairo,NZZStorytelling
albertocairo,jugalpatelNYT
albertocairo,Prof_BearB
albertocairo,shannimcg
albertocairo,bnj_cooley
albertocairo,juliagalef
albertocairo,Court_Jeffrey
albertocairo,NHC_Atlantic
albertocairo,johntstasko
albertocairo,eric_d_lawrence
albertocairo,_ritacosta_
albertocairo,ht0ma
albertocairo,al_hurley538
albertocairo,LaurenRohr
albertocairo,wihbey
albertocairo,SzaboHaslam
albertocairo,emilybartha
albertocairo,andrewheiss
albertocairo,MiamiSup
albertocairo,zeynep
FisherDanyel,ken_hinckley
FisherDanyel,ieeevgtc
FisherDanyel,d3visualization
FisherDanyel,RabbiDoubleA
FisherDanyel,MattNegrin
FisherDanyel,20korg
FisherDanyel,LeeNapier7
FisherDanyel,GeneticJen
FisherDanyel,tanner_jaime
FisherDanyel,HannahFoxwell
FisherDanyel,vlandham
FisherDanyel,davidcrosss
FisherDanyel,Zipcar
FisherDanyel,CharlesPPierce
FisherDanyel,gillianrhayes
FisherDanyel,danulf
FisherDanyel,ann_leckie
FisherDanyel,thinkpiecebot
FisherDanyel,zeynep
FisherDanyel,GoldyHA
LMNault,docbaty
LMNault,ericsimons
LMNault,paulg
LMNault,joshcarpenter
LMNault,AndrewCrow
LMNault,NNgroup
LMNault,jnd1er
LMNault,blaurel
LMNault,mlssamrtn
LMNault,SoniaKoesterer
LMNault,girlracer68
LMNault,jlinowski
LMNault,monteiro
LMNault,lea_designer
LMNault,ericstrenger
LMNault,shodoshan
LMNault,livlab
LMNault,karaswisher
LMNault,Blair591
LMNault,ideo
adarrow,TwitterVideo
adarrow,VELUXAmerica
adarrow,FluidWaterMeter
adarrow,AltHHS
adarrow,AltForestServ
adarrow,NASA
adarrow,alt_fda
adarrow,NotAltWorld
adarrow,BadlandsNPS
adarrow,HalfOnionInABag
adarrow,ivanka
adarrow,MatureTrumpTwts
adarrow,ObamaWhiteHouse
adarrow,WhiteHouse
adarrow,FLOTUS44
adarrow,FLOTUS
adarrow,POTUS44
adarrow,EldridgeGravy
adarrow,jessleeST
adarrow,jsoltero
JakeP,RealTimeWWII
JakeP,anniejevans
JakeP,AndyRichter
JakeP,DesignTimes
JakeP,SelfAwareROOMBA
JakeP,BayNature
JakeP,jbarlekamp
JakeP,POTUS44
JakeP,POTUS
JakeP,LosFelizDaycare
JakeP,TerbilDraems
JakeP,rubbishdrawings
JakeP,NeutralGroundCo
JakeP,ScoutAlarm
JakeP,message
JakeP,blankonblank
JakeP,USDS
JakeP,SFBARTalert
JakeP,GoogleDesign
JakeP,wildernessmaaan
kimisperros,GiorgioPatrini
kimisperros,AtlantaCTSI
kimisperros,AtlPedsResearch
kimisperros,hongliangjie
kimisperros,eleni_kosta
kimisperros,MTrrnt
kimisperros,negar_rz
kimisperros,Etsy
kimisperros,approxcorrect
kimisperros,ArthurGretton
kimisperros,wellingmax
kimisperros,ChrLouizos
kimisperros,crude2refined
kimisperros,Northeastern
kimisperros,ProfDaveAndress
kimisperros,cervisiarius
kimisperros,nuclearkatie
kimisperros,jxnlco
kimisperros,stitchfix_algo
kimisperros,ericdishman
Prof_DavidBader,nvidiadrive
Prof_DavidBader,ATEKAssetScan
Prof_DavidBader,anan0s
Prof_DavidBader,cdacindia
Prof_DavidBader,scopatz
Prof_DavidBader,itcountsapp
Prof_DavidBader,ricardo_silva
Prof_DavidBader,MogulettesMag
Prof_DavidBader,datakid23
Prof_DavidBader,MargaretJanz
Prof_DavidBader,DrPamMcCauley
Prof_DavidBader,kyle_reeves
Prof_DavidBader,enthought
Prof_DavidBader,marron_ibz_83
Prof_DavidBader,_ladquin
Prof_DavidBader,mvkrier
Prof_DavidBader,VeraMatser
Prof_DavidBader,cmlcampbell
Prof_DavidBader,PODLIFE_MID
Prof_DavidBader,Aletrava
jonfroehlich,jesshami
jonfroehlich,ProactiveSleep
jonfroehlich,HandicapThis
jonfroehlich,PoloChau
jonfroehlich,AbeDavis
jonfroehlich,graydesign
jonfroehlich,DavidNemer
jonfroehlich,yasssjasss
jonfroehlich,vj_chidambaram
jonfroehlich,thompsonpat
jonfroehlich,User1st
jonfroehlich,bendevane
jonfroehlich,AMAC_tweet
jonfroehlich,MikeySaugstad
jonfroehlich,ahaAtARO
jonfroehlich,saiphcita
jonfroehlich,twi_mar
jonfroehlich,yervonner
jonfroehlich,joyclee
jonfroehlich,msurguy
ibogost,coralsncaves
ibogost,dezeen
ibogost,iconeye
ibogost,Gastropodcast
ibogost,blueprintmag
ibogost,nicolatwilley
ibogost,tucker_ft
ibogost,tsmullaney
ibogost,markrobsf
ibogost,compilerguy
ibogost,deaneckles
ibogost,murraysd_
ibogost,GaTech_Planning
ibogost,zerobox
ibogost,NewUrbanism
ibogost,Mlsif
ibogost,MatthewGombolay
ibogost,Chartbeat
ibogost,CAH
ibogost,jordanbbissell
khusape,ArlanWasHere
khusape,sidpandey
khusape,djtokyo
khusape,rohitjain
khusape,mukuls97
khusape,NavinChaddha
khusape,hitobs
khusape,dkhare
khusape,leotor
khusape,anand_raj
khusape,venky13
khusape,manish_saarthi
khusape,arvindax
khusape,suniltom
khusape,adharni
khusape,prayanks
khusape,shearsha
khusape,spatro
khusape,vtbharadwaj
khusape,Suresh_SaamaCap
TheNextCorner,JonathanWilbur
TheNextCorner,ChristiJOlson
TheNextCorner,ChristiJBOlson
TheNextCorner,NWSBayArea
TheNextCorner,MoneyLynch
TheNextCorner,HSBC
TheNextCorner,TheJudge44
TheNextCorner,farmshelf
TheNextCorner,elguapo
TheNextCorner,thecounter
TheNextCorner,jaychoag
TheNextCorner,woodymarshall
TheNextCorner,TCVTech
TheNextCorner,nicoberman
TheNextCorner,warpling
TheNextCorner,MariekeRakt
TheNextCorner,laurashin
TheNextCorner,foe_us
TheNextCorner,EcoWatch
TheNextCorner,BOTUS
zkancs,LauraBehrensWu
zkancs,BlackGirlsCode
zkancs,sheplusplus
zkancs,portainerio
zkancs,KnowYourCompany
zkancs,cjlew23
zkancs,sxywu
zkancs,alignedleft
zkancs,tdda0
zkancs,NodeSource
zkancs,zzbennett
zkancs,stitchfix_algo
zkancs,reworkpodcast
zkancs,janexwang
zkancs,rsalakhu
zkancs,nalkalchbrenner
zkancs,OriolVinyalsML
zkancs,goodfellow_ian
zkancs,sirajraval
zkancs,twiecki
ddol,JamesTamplin
ddol,VelodyneLidar
ddol,CorrectNames
ddol,Kernasovskiy
ddol,aristeinberg
ddol,fivetentaylor
ddol,thereaIbanksy
ddol,kimmaicutler
ddol,atlasobscura
ddol,migueldeicaza
ddol,fredwilson
ddol,davemcclure
ddol,arstechnica
ddol,Voxitay
ddol,ConanOBrien
ddol,NASA
ddol,StephenAtHome
ddol,bballinger
ddol,CaseyNeistat
ddol,rebrosepdx
CptPositive,aclear
CptPositive,scottOfTheSci
CptPositive,shaunkane
CptPositive,jure
CptPositive,EatClubOrg
CptPositive,MenInBlazers
CptPositive,jofish
CptPositive,ayman
CptPositive,informor
CptPositive,lanayarosh
CptPositive,jwiese
CptPositive,NGorm
CptPositive,gillianrhayes
CptPositive,aninddey
CptPositive,marlowja
CptPositive,AndyRichter
CptPositive,ACMUIST
CptPositive,bigdata4people
CptPositive,WillJosephCook
CptPositive,manwhohasitall
GTRI,tweeplers
GTRI,VAVetBenefits
GTRI,DeptVetAffairs
GTRI,stampshealth
GTRI,FerstCenter
GTRI,CarolineGWood
GTRI,SSEFGeorgia
GTRI,BuildingIoT
GTRI,NetOfEverything
GTRI,iotconsortium
GTRI,TheIoT
GTRI,carolrclark
GTRI,ConversationEDU
GTRI,Alltop
GTRI,FromTheLabBench
GTRI,BuzzHootRoar
GTRI,ConversationUS
GTRI,duvall_jd2
GTRI,C4ISRNET
GTRI,PhysicsCentral
kedwards,NotAltWorld
kedwards,BarackObama
kedwards,HalfOnionInABag
kedwards,cursedimages
kedwards,internetofshit
kedwards,clmazin
kedwards,Snowden
kedwards,Oatmeal
kedwards,hcdeUW
kedwards,AwardsDarwin
kedwards,colin2sheds
kedwards,blairmacintyre
kedwards,GeorgiaTech
kedwards,ryangravel
kedwards,professorBodker
kedwards,beltlinepiper
kedwards,andrewmiller
kedwards,verbicidal
kedwards,asbruckman
kedwards,GavinNewsom
goodfellow_ian,indicoData
goodfellow_ian,geoffreyirving
goodfellow_ian,gstsdn
goodfellow_ian,cjmaddison
goodfellow_ian,machinaut
goodfellow_ian,yeewhye
goodfellow_ian,robertskmiles
goodfellow_ian,rivatez
goodfellow_ian,gyomalin_ML
goodfellow_ian,VitalikButerin
goodfellow_ian,TheGradient
goodfellow_ian,lschmidt3
goodfellow_ian,aleks_madry
goodfellow_ian,SwiftOnSecurity
goodfellow_ian,internetofshit
goodfellow_ian,dabkowski_piotr
goodfellow_ian,yarbro
goodfellow_ian,GreeneScientist
goodfellow_ian,Reillymj
goodfellow_ian,rifish
dennybritz,yablak
dennybritz,HirokoTabuchi
dennybritz,cinjoncin
dennybritz,LauraDeming
dennybritz,Samuel_DavidA
dennybritz,TheRealBenBall
dennybritz,lukede0
dennybritz,animesh_garg
dennybritz,mpd37
dennybritz,KaiLashArul
dennybritz,sbmckeon
dennybritz,lishali88
dennybritz,Img_Prasanna
dennybritz,FeryalMP
dennybritz,dmonett
dennybritz,Brombadil
dennybritz,tkasasagi
dennybritz,BenedictEvans
dennybritz,carlcarrie
dennybritz,mark_riedl
austinbenson,wiccornell
austinbenson,cornell_data
austinbenson,WittedNote
austinbenson,vsergei
austinbenson,dsivakumar
austinbenson,adityagrover_
austinbenson,louishyman
austinbenson,frank8m
austinbenson,UnitFact
austinbenson,earnmyturns
austinbenson,ClickHole
austinbenson,stoll_martin
austinbenson,PaulGAllen
austinbenson,cornell_tech
austinbenson,bouzoukipunks
austinbenson,RealTimeWWII
austinbenson,Prof_DavidBader
austinbenson,mlgworkshop
austinbenson,Himeldev
austinbenson,natefoster
GazelSolange,severinhacker
Edgaral05445590,severinhacker
egyseal,severinhacker
iseeyounyoucfu,severinhacker
vtang_25,severinhacker
RushKeegan,severinhacker
RyanLawBA,severinhacker
AaronPycraft,severinhacker
tamarmillen,severinhacker
jonlaman,severinhacker
Gawiga,severinhacker
vilasyadav1990,severinhacker
jackbergstrom,severinhacker
DeanASHyatt,severinhacker
ms_pham_science,severinhacker
FredrikBixo,severinhacker
ALiiVandebilt,severinhacker
JhetoX,severinhacker
RG_Ruffey,severinhacker
rfixot,albertocairo
bayergrillz,albertocairo
smartix,albertocairo
ashish_shendure,albertocairo
know4go,albertocairo
fturcheti,albertocairo
PjTrilobyte,albertocairo
Dieguitson,albertocairo
bibliocub,albertocairo
CurrentlyBill,albertocairo
beyond_ui,albertocairo
don_harris1,albertocairo
tyler_coulson,albertocairo
Jordan_RTV6,albertocairo
mbayer1248,albertocairo
jvgtweet,albertocairo
oliphox,albertocairo
Stacy_Nguyen_,albertocairo
CX_Ready,albertocairo
elizjbailey,albertocairo
flekschas,FisherDanyel
danielblandbiz,FisherDanyel
xfxie,FisherDanyel
ken_hinckley,FisherDanyel
hmlizama,FisherDanyel
CatchKD7,FisherDanyel
jawalnut,FisherDanyel
yanlofe,FisherDanyel
philogb,FisherDanyel
SeattleHarvest,FisherDanyel
nickyzhi123,FisherDanyel
univienna_vda,FisherDanyel
minsukkahng,FisherDanyel
JennyRLyons,FisherDanyel
_Roopali_Jain,FisherDanyel
amitkaps,FisherDanyel
namwkim85,FisherDanyel
pciuccarelli,FisherDanyel
Metti_Hoof,FisherDanyel
JackPhan,LMNault
darksunshinedee,LMNault
ericsimons,LMNault
James044Brian,LMNault
ubikretail,LMNault
UXsnack,LMNault
venture12,LMNault
goshospain,LMNault
missiongirl4,LMNault
shodoshan,LMNault
LisaDOhio,LMNault
NoeticSeries,LMNault
LoveNVRDiesBook,LMNault
ipevzner,LMNault
nelsonmarteleir,LMNault
martinlong82,LMNault
mrpderbs,LMNault
banerjee_mamata,LMNault
cindycated,LMNault
andysz,adarrow
kplusr2,adarrow
UXsnack,adarrow
Antonioflpalenc,adarrow
kenudigit,adarrow
delcarpio321,adarrow
rideamigos,adarrow
neela_bell,adarrow
bethgalambos,adarrow
BrittneyBush,adarrow
wrdarrow,adarrow
ModusInstitute,adarrow
zaidhisham,adarrow
peacokle,adarrow
banerjee_mamata,adarrow
Nonnormalizable,adarrow
LaurentJanolin,adarrow
BurlinBritta,adarrow
Phooj,adarrow
coachdotme,JakeP
ElenaWerdath,JakeP
hazeshanshan,JakeP
Africa_VC,JakeP
lottisbp,JakeP
SouthCountyIzik,JakeP
baymonsters,JakeP
cruzisabela995,JakeP
figipyzimapu,JakeP
jbarlekamp,JakeP
PeeringPressure,JakeP
ngoclongnguyen3,JakeP
MountainLionP22,JakeP
RayBeau,JakeP
banerjee_mamata,JakeP
CrowdTMeeting,JakeP
adb19a44f36c456,JakeP
hungviet2004,JakeP
TripScanner_Inc,JakeP
nuclearkatie,kimisperros
BeadedJewlery,kimisperros
GrandBazaarNews,kimisperros
PromoStoreOne,kimisperros
OscarJetson,kimisperros
PointAdvertizin,kimisperros
needtshirtsnow,kimisperros
SyidMassiah,kimisperros
WoodFlipbook,kimisperros
ExclusiveHats,kimisperros
sethmessenger32,kimisperros
appliedmldays,kimisperros
minsukkahng,kimisperros
KaterinaElRaheb,kimisperros
Prof_DavidBader,kimisperros
danlizotte,kimisperros
ilknurkabul,kimisperros
junayedjion9,kimisperros
ryanallred,kimisperros
agregking,Prof_DavidBader
jscook2345,Prof_DavidBader
aram_galstyan,Prof_DavidBader
_trisha_,Prof_DavidBader
modafalla,Prof_DavidBader
fabioaffinito,Prof_DavidBader
edward_smyth,Prof_DavidBader
RobinWa27226647,Prof_DavidBader
ATEKAssetScan,Prof_DavidBader
Damien_CABADI,Prof_DavidBader
eholohan,Prof_DavidBader
anan0s,Prof_DavidBader
CamCritt,Prof_DavidBader
killerspin,Prof_DavidBader
MoyaBrannan,Prof_DavidBader
eldripe,Prof_DavidBader
JoachimDeVos,Prof_DavidBader
dailimar30,Prof_DavidBader
AMaisPequena,Prof_DavidBader
robotic_hands,Prof_DavidBader
bookofinnov,jonfroehlich
jwkritchie,jonfroehlich
We_are_upstart,jonfroehlich
britgerontology,jonfroehlich
jeffmatarrese,jonfroehlich
HandicapThis,jonfroehlich
RichardJWood,jonfroehlich
susandra,jonfroehlich
troverman,jonfroehlich
emrek,jonfroehlich
Rowdy_Guy,jonfroehlich
HernisaKacorri,jonfroehlich
a_s_rodriguez,jonfroehlich
almostjohnvines,jonfroehlich
hack4lifemx,jonfroehlich
debraruh,jonfroehlich
MikeySaugstad,jonfroehlich
harikabommu,jonfroehlich
youngho_yhkim,jonfroehlich
ceriusus,jonfroehlich
polina_giralt,ibogost
cyndiwiley,ibogost
ApplePotions,ibogost
xanderai,ibogost
autism_ireland,ibogost
kyle_clark,ibogost
ramesh0301,ibogost
cygnus_p23,ibogost
abbeyDGC,ibogost
bkerensa,ibogost
user0000name,ibogost
waithash,ibogost
LuckaBibic,ibogost
PeSalard,ibogost
Claireqin168,ibogost
_uberworld,ibogost
gatlin_newhouse,ibogost
ViralTNTeam,ibogost
mike_pires17,ibogost
GalacticRice,ibogost
Ayudas_SerGiCoD,khusape
ahmedalwailly43,khusape
mustafaaidl,khusape
noveliciouss,khusape
FeelThree,khusape
Yhamegroup,khusape
arvindax,khusape
drjoyce_knudsen,khusape
muhamma59993363,khusape
pawankaushal,khusape
Super_Siddy,khusape
PaolaGeek,khusape
TitoBeat1,khusape
ChetanR95756164,khusape
aks_hai,khusape
Youngest_Moses,khusape
EmreKose1255,khusape
august1st00,khusape
Kentkiarie254,khusape
ki_dwe,khusape
upkeep_media,TheNextCorner
TimFranklinNJII,TheNextCorner
stanimirak,TheNextCorner
MarshallJulius,TheNextCorner
thermowear,TheNextCorner
DillonBianchi,TheNextCorner
PaulaMoise11,TheNextCorner
forty_year,TheNextCorner
rohit_sha,TheNextCorner
kurbanbd,TheNextCorner
allurestrategys,TheNextCorner
abbyshaw47,TheNextCorner
tommy_iv,TheNextCorner
A_Ninofranco,TheNextCorner
technicalbapuji,TheNextCorner
bskathayat,TheNextCorner
Davidkaufmann16,TheNextCorner
paup_smith,TheNextCorner
anniemckee,TheNextCorner
Gregg_State,TheNextCorner
ansarisaad,zkancs
georgypython,zkancs
bettstetter,zkancs
oneplus1000,zkancs
rvrkj,zkancs
notsu,zkancs
CTO_AI,zkancs
Mohamed3_AboTal,zkancs
DigidustGrowth,zkancs
dwhsieh,zkancs
TechNativeWire,zkancs
ekkritishappy,zkancs
orbittest2,zkancs
EmekaData,zkancs
TAanderud,zkancs
JohnKNLL,zkancs
nicolemannann,zkancs
PostManWaz,zkancs
RoboticsAI2018,zkancs
dsimposters,zkancs
madbunny_911,ddol
AAthifas97,ddol
CTO_AI,ddol
armandeonna,ddol
OBehaveYourself,ddol
coreyfro,ddol
NikhilS50,ddol
jonobacon,ddol
JessRTs_a_lot,ddol
Moviebnb,ddol
mostblue1,ddol
georgbauser,ddol
pmaceoin,ddol
gocountly,ddol
GoodAILab,ddol
bananamagick,ddol
acelr8,ddol
HostedGraphite,ddol
Voxitay,ddol
jofish,CptPositive
t0zecorreia,CptPositive
msbernst,CptPositive
scottOfTheSci,CptPositive
ACMIUI,CptPositive
suefussell,CptPositive
IntercultComm,CptPositive
bigdata4people,CptPositive
kkarahal,CptPositive
khai_truong,CptPositive
hciprof,CptPositive
plopesresearch,CptPositive
nediyana,CptPositive
carlagriggio,CptPositive
cosleydr,CptPositive
jeffbigham,CptPositive
mattllee,CptPositive
ideasandinfo,CptPositive
genialee,CptPositive
mikeinajar,GTRI
RamblinJD,GTRI
Raphael_Oger,GTRI
tkread,GTRI
stephanieleejoy,GTRI
KAB_88,GTRI
asjipon,GTRI
Bmaustin7,GTRI
ChereStadler,GTRI
billblackstock,GTRI
Neeleshdas456,GTRI
Airsharksoft,GTRI
etorresoquendo,GTRI
XMahmoodm2,GTRI
BarbNewman10,GTRI
securityindepth,GTRI
vinayprasanthk,GTRI
reemadodin,GTRI
PassionateMango,GTRI
DougstTEK,GTRI
bigdata4people,kedwards
debraruh,kedwards
MatthewGombolay,kedwards
ICatGT,kedwards
vivianmotti,kedwards
LexusVitamin,kedwards
Shneydave,kedwards
profmikefraser,kedwards
sociallycompute,kedwards
MarinaChong,kedwards
myriadbird,kedwards
thesaadismail,kedwards
Chris_Storm71,kedwards
jr_thomp,kedwards
hide_yourself,kedwards
acmDIS,kedwards
MiJaGourlay,kedwards
Alex_Drunkan,kedwards
acmtochi,kedwards
lyon_cao,goodfellow_ian
manishtank1988,goodfellow_ian
m_habibzadeh,goodfellow_ian
MaharriT,goodfellow_ian
0x123459,goodfellow_ian
micro3da,goodfellow_ian
msispm,goodfellow_ian
graymanto,goodfellow_ian
phareim,goodfellow_ian
DeepBodapati,goodfellow_ian
obirimelvin,goodfellow_ian
vamsi_17,goodfellow_ian
abousidibe,goodfellow_ian
ellisorellis,goodfellow_ian
Akhilesh_k_r,goodfellow_ian
jenfkjen,goodfellow_ian
IhabSalman,goodfellow_ian
tsichter,goodfellow_ian
ZR33F,goodfellow_ian
Vikasw3009,goodfellow_ian
hermes_trism,dennybritz
TechLeer,dennybritz
michielwentzel,dennybritz
ProfesorDem,dennybritz
NRekabsaz,dennybritz
_lo_bo,dennybritz
curiosityAI,dennybritz
kiyoshikiba,dennybritz
AbbasZeitoun,dennybritz
DangJokerSnorts,dennybritz
WeAreLogikk,dennybritz
sergeytimoshin,dennybritz
LiuGuangSheng,dennybritz
malikatifsaleem,dennybritz
JustARandomGuyF,dennybritz
_anuroop_,dennybritz
Meriem_Smache,dennybritz
luolitao,dennybritz
cold_lestat,dennybritz
chris_burnash,dennybritz
vsergei,austinbenson
dsivakumar,austinbenson
m_sendhil,austinbenson
EcoinClub,austinbenson
adityagrover_,austinbenson
J_D_Landis,austinbenson
KuJerome,austinbenson
BrandiBair,austinbenson
frank8m,austinbenson
sensorcomm12,austinbenson
VerizonSupport,austinbenson
CornellInfoSci,austinbenson
stoll_martin,austinbenson
marcoscarvalho,austinbenson
Prof_DavidBader,austinbenson
mlgworkshop,austinbenson
SkochdopoleTodd,austinbenson
Himeldev,austinbenson
karen_ec_levy,austinbenson
samps,austinbenson